1.178819703758e+01,1.998314555204e+02,1.326323520120e+00,7.576892727856e-01
4.515836188545e+00,1.410139345539e+02,6.055271630328e+00,2.102445868520e+00
1.049357881224e+01,1.373055954063e+00,2.553293698935e+00,2.072460729974e+00
6.891255757473e+00,7.526601323773e+01,4.937550041638e+00,1.723984962676e+00
1.537201083883e+01,1.269202711225e+03,3.011849331174e+00,1.095085590191e+00
1.266582704937e+01,1.393247654648e+03,4.989273224391e+00,2.386455098240e-01
1.125766521500e+01,1.112180937796e+00,2.860237664264e+00,4.724648391989e-01
1.431397198681e+01,1.684723283367e+02,2.322559419526e+00,1.193229350615e+00
7.922619494796e+00,2.006699160388e+02,3.250283881957e+00,1.194436789545e-02
7.791413207441e+00,8.965487885490e+02,3.595216441258e+00,5.840990730701e-02
1.182922526395e+01,9.798602664618e+02,5.212957181030e+00,5.935442027922e-01
1.496384538793e+01,1.439724458460e+02,3.446241794000e+00,5.813306943249e+00
1.063297303934e+01,6.719512325154e+00,5.211824804915e+00,3.342269676119e+00
3.952024055653e+00,1.370983703894e+03,5.163117172440e+00,1.363964295741e+00
4.740214356102e+00,2.116305887987e+01,1.667865199206e+00,4.464555711364e-01
1.380453099328e+01,2.478695618159e+01,3.326949737612e+00,2.684548161926e+00
1.529153106268e+01,3.828647648826e+01,2.963550666074e+00,1.039301295828e+00
1.060069857837e+01,2.834599249166e+01,3.185454902278e+00,3.072999955910e-01
1.328887124117e+01,6.631755832390e+01,2.506555166545e+00,2.022044039960e-01
2.101855118159e+01,4.960207223210e+01,3.708467911884e+00,5.233037381110e-01
1.518713131428e+01,7.295731257680e+01,2.258421254410e+00,1.156878797370e+00
3.669765981812e+00,1.588931333777e+02,6.354658605660e+00,5.871575843085e-01
1.259242673646e+01,8.106342627482e+02,1.000533850190e+00,1.880281674986e+00
5.652956258430e+00,3.285295784839e+00,2.916071316267e+00,1.529377145630e+00
1.328006702872e+01,8.824143000742e+01,1.353934059193e+00,8.536177651237e-01
1.301471139231e+01,1.904339369883e+02,3.150117193627e+00,7.807677849223e-01
5.152195412207e+00,6.919462115544e+02,6.871323663668e+00,6.567812100035e-01
1.483729864463e+01,5.055082480984e+01,1.072344137305e+00,1.768901235305e+00
6.158216887501e+00,8.261837637668e+01,2.998309624940e+00,6.836054506647e+00
-5.382000466446e+00,1.913124420297e+03,6.979733253176e+00,5.940764180503e+00
1.397598816704e+01,1.766607398772e+01,6.346730565670e+00,4.120269781243e-01
-7.162273224273e-01,3.986480303834e+01,3.823133989556e+00,1.556175974211e-01
1.171346197048e+01,5.792775125964e+02,6.100990588360e+00,3.590253574082e+00
2.473678191971e+00,2.306912175677e+02,3.107012141092e+00,3.676571984878e-01
1.280663988203e+01,5.621677277431e+02,2.153102680194e+00,1.221690977569e+00
1.467546117776e+01,5.864624026653e+02,5.284068751085e+00,1.599306864197e+00
1.016360242688e+01,3.680686622252e+01,5.146681559636e+00,7.311033058036e-01
9.913704531188e+00,1.572056435170e+01,4.656353569617e+00,1.114117468783e-01
1.303276578711e+01,3.988184122782e+03,5.771872408325e+00,2.827465062377e+00
1.907700513082e+01,3.013810361610e+02,1.401392955519e+00,9.961348430084e-01
1.476587179794e+01,3.503750051339e+02,2.730459710375e+00,2.204592005615e+00
1.324746636094e+01,2.040276248628e+03,6.261895500445e+00,1.536264630184e+00
1.783837448341e+01,1.522424978040e+01,3.966921879329e+00,2.991761609253e-01
1.440596062479e+01,3.506933183348e+01,6.123790358889e+00,5.535607495316e-01
6.139406752040e+00,2.065129047940e+01,2.034937468861e+00,9.409285621624e-01
1.107879086508e+01,8.702123353729e+02,3.900437778473e+00,4.653031251862e+00
1.254352752666e+01,1.307953010623e+02,1.625372872281e+00,2.403229348065e+00
1.197824898450e+01,4.051584415399e+02,6.607466426206e+00,5.952239793945e-01
1.568398489626e+01,2.133261318320e+01,1.855679722265e+00,6.156459506964e-01
1.035780971443e+01,5.549641762984e+01,1.274537398551e+00,1.086244465838e+01
1.263264317164e+01,1.115081161677e+04,5.648976379050e+00,2.020546724334e+00
1.103382236064e+01,3.891112410272e+00,6.665056265171e+00,1.239445873053e-01
3.034778029843e+00,4.362121409714e+03,4.094371255403e+00,1.077637931262e+00
1.802515073452e+01,1.228999004717e+02,5.354287387755e+00,1.300628677299e+00
1.018329583688e+01,3.220424750270e+02,2.725962607840e+00,1.996281875119e-01
1.439283626848e+01,8.202422926547e+01,3.945400130318e+00,2.115432040574e+00
3.261930730951e+00,2.320516759079e+01,2.103793126033e+00,2.013300483422e+00
1.036587552151e+01,1.772825299440e+03,1.500314994845e+00,1.040400779430e+00
6.026001195339e+00,6.663609230762e+01,2.292078921988e+00,8.841748419151e-01
1.308429087259e+01,6.814341805582e+02,1.087682907465e+00,1.241813859148e+00
1.433281927053e+01,1.592427627444e+02,3.150249391538e+00,1.986023690167e+00
9.756566206369e+00,5.007016466567e+02,6.478627999330e+00,2.645101784671e+00
1.146196084151e+01,8.481254124962e+02,6.217843179075e+00,6.223726700325e-01
7.161578699902e+00,4.210339424142e+02,4.630054463359e+00,3.839971027664e+00
9.918910077248e+00,4.420400262297e+03,3.516412607305e+00,3.263092115305e+00
8.086758788948e+00,4.737584983431e+02,5.978233964483e+00,3.515289841901e+00
7.209244492864e-01,2.007356581947e+03,1.634594531653e+00,1.785232177281e+00
1.359591539752e+01,4.132464556392e+03,4.888237319332e+00,3.421221025648e+00
2.320530371856e+00,7.972864459640e+01,6.942439674156e+00,2.201633634430e+00
1.503497939808e+01,1.219711881414e+02,5.385728614073e+00,1.450626450084e+00
7.100908118890e+00,1.306420168176e+02,4.786550243156e+00,2.533595285771e-01
2.316831514901e+01,1.140134210877e+02,1.590937158880e+00,6.014503707794e+00
1.784536226902e+01,2.208848922360e+03,2.579229012899e+00,2.794468956838e-01
6.068621954987e+00,1.328407489292e+03,1.143094744768e+00,1.206040296464e+00
1.889414559135e+01,1.300461298721e+02,6.390966888290e+00,1.243418881322e+00
1.988928096813e+00,8.239612739910e+02,2.155421898063e+00,1.955373607330e-01
-5.211354039363e+00,2.507051421552e+02,2.865448672437e+00,1.599220166416e+00
1.955421939579e+01,3.829823246912e+02,3.327101539807e+00,2.184534371458e+00
1.427872367534e+01,7.057580889978e+01,1.737551408895e+00,2.473165931897e+00
7.253567765231e+00,5.597499645604e+01,3.675637289800e+00,4.923341230740e+00
1.088460898005e+01,3.740621302102e+01,5.008755849813e+00,5.509644973952e-01
6.999505526916e+00,3.571312473024e+01,6.717119329219e+00,3.940733641219e+00
6.295599683771e+00,7.320364831838e+01,1.316329495333e+00,6.153166251853e+00
1.956327837926e+00,5.318697781903e+02,4.003634535962e+00,1.870788738368e+00
4.461201064237e+00,7.632044616848e+01,6.694678250721e+00,4.519802248926e+00
1.478155423548e+01,5.001938979098e+02,1.320783965346e+00,1.537191085632e+00
1.520182955658e+01,2.850361267784e+02,6.929422729957e+00,4.715309689729e+00
9.347874802719e+00,5.989192739273e+02,1.330336777953e+00,1.176233306874e+00
1.099467511854e+01,7.960376703626e+02,5.283928751144e+00,9.165142755205e-01
1.418228606029e+01,3.911818538245e+04,6.840266655680e+00,4.252323679344e-01
2.007439075416e+01,7.292343670423e+01,1.180244615503e+00,3.287536668415e+00
2.189475076264e+01,1.152913100220e+02,3.446342988508e+00,5.915984309867e-01
6.694539019970e+00,7.874125587703e+02,2.476542666310e+00,1.332930083833e+00
6.960062141201e+00,4.498626692404e+01,3.669659663699e+00,8.601478535288e-01
4.211689805738e+00,3.160244388386e+02,3.667236470653e+00,5.401434679781e-01
8.662309830978e+00,5.572423677240e+03,2.224084097718e+00,4.653500780312e+00
1.080810069055e+01,8.945471948573e+03,6.459834658234e+00,2.274453087370e+00
1.021443941659e+00,8.355986255738e+00,4.032852319248e+00,4.192000528674e+00
7.831946022246e+00,3.905969394650e+02,5.663617690495e+00,1.883524022263e+00
1.343224160983e+01,3.340332423571e+02,4.312804149926e+00,1.479576421503e-01
1.600465024625e+01,1.415080705746e+02,2.778336163847e+00,7.514810250162e-01
1.147967747346e+01,1.945798873948e+03,2.124494405471e+00,3.464235930565e+00
1.439068064481e+01,8.263939242805e+00,6.678623660495e+00,2.538329965564e-02
1.932818657296e+01,3.799543526944e+01,1.093689121271e+00,3.147953748215e+00
1.102776567953e+01,7.630053914755e+00,6.887492276241e+00,1.024167310059e+00
6.120064819425e+00,8.875965078299e+03,5.928718569895e+00,4.248663715094e+00
1.857995793928e+00,4.831076727668e-01,5.571549003074e+00,8.092348942022e-01
7.512805558677e+00,1.821766014737e+03,3.941333056486e+00,1.202780313481e+01
1.065292253713e+01,7.142051224820e+02,2.636263877527e+00,3.148748191019e+00
6.341089073323e+00,2.281879506518e+02,2.019546836667e+00,5.464089162207e+00
1.018999056031e+01,6.920545297327e+00,3.154830285580e+00,1.111411983158e-01
1.362800028268e+01,4.548087311783e+01,5.776582875749e+00,9.727934158372e-01
1.082414368627e+01,2.372305416518e+01,1.274891336299e+00,8.635121935628e-01
1.147547636461e+01,5.803979115211e+01,1.387921729929e+00,6.060846590267e+00
6.389182963828e+00,1.102761040497e+03,4.858944339621e+00,5.610258972274e-01
7.094346254870e+00,6.520525054255e+01,5.058178899872e+00,2.402504445570e+00
1.169898713104e+01,6.213983805631e+01,4.925846849767e+00,9.369611348571e-01
4.810597951273e+00,3.977114397723e+03,2.474948001901e+00,1.653620753014e-02
1.264216507872e+01,1.405408446988e+04,2.567061488316e+00,1.859709683528e+00
7.352017859385e+00,3.444140035269e+00,6.058928693883e+00,1.445398692988e+00
1.678158186447e+01,3.336764141254e+02,1.319951484496e+00,1.469832729467e+00
1.015410003173e+01,1.384564287274e+02,6.454539961973e+00,9.147366358546e-01
9.822277002381e+00,1.503342510378e+02,1.501534580719e+00,1.489829784080e+00
1.033117090307e+01,2.519629278049e+03,1.096093946948e+00,7.569058089741e-01
1.293577097470e+01,3.352287538990e+02,6.877576172432e+00,2.158381986447e-02
2.034397012106e+01,6.039676602784e+01,3.054422132664e+00,4.627824020710e+00
8.865177708419e+00,9.629824552478e+02,5.087702884910e+00,4.369825764578e+00
1.039343884065e+01,1.943941874282e+01,1.338288630200e+00,7.018732451732e-01
1.469851168609e+01,2.470432417151e+02,1.473729442021e+00,1.744507951333e+00
5.730070354527e+00,5.199878558284e+01,3.599749810941e+00,2.121683753757e+00
1.020784622861e+01,3.317214990289e+02,5.241584451506e+00,1.026574836902e+00
1.580928362025e+01,1.259783242216e+03,2.531224433891e+00,5.071749514765e-01
3.151536103477e+00,4.386444811810e+01,1.176582709222e+00,4.577940519980e-01
1.003280988930e+01,1.318548125881e+03,2.897712805230e+00,1.145858808646e+00
8.672897919580e+00,3.920735121493e+02,2.072069528187e+00,2.012366134032e-01
1.692376782833e+01,1.913588444263e+02,2.852057266527e+00,5.626632392727e+00
6.333383753272e+00,5.912730371309e+03,1.930674942744e+00,1.311540733271e+00
1.142583250767e+01,6.326720311785e+00,1.100799940249e+00,5.718848590280e-01
1.114878930815e+01,1.524143064320e+03,6.046157168880e+00,3.120871609786e+00
8.218346602159e+00,2.604228301484e+01,6.059981255759e+00,1.951710743829e+00
1.579051922174e+01,2.141600208152e+02,1.438574476831e+00,1.174489891642e+00
8.313856240897e+00,1.414240281320e+03,6.560744328421e+00,1.839230440712e+00
1.531142982145e+01,4.084762700427e+01,4.171220808421e+00,8.690412840002e+00
1.204864418022e+01,2.962432614392e+00,4.375625914338e+00,2.488239451845e+00
1.397373332305e+01,2.957373735180e+03,3.557609485512e+00,1.846548668097e+00
1.433034945383e+01,3.420933503065e+01,6.968793150616e+00,1.045353590761e+00
1.391464724223e+01,1.508917486415e+01,5.831132605785e+00,7.032356826799e-01
1.575018293290e+01,2.832080710698e+01,5.941248139297e+00,1.593510275295e+00
1.930992813332e+01,3.225655787478e+01,3.360926684143e+00,1.122197431855e+00
1.401583503003e+01,4.192362825188e+02,2.210461547116e+00,2.098373849880e+00
7.270629072808e+00,3.692973745590e+02,1.919685671134e+00,1.231248637681e+00
3.454926844962e+00,2.965806925125e+03,2.417692795156e+00,2.324899437757e+00
1.303412065214e+01,4.583910724530e+01,1.921488564296e+00,5.545554541075e-03
1.641195839769e+01,8.383224019881e+01,3.795550869869e+00,2.346696355179e+00
1.116202497111e+01,2.174533009080e+02,6.847337404423e+00,1.188407087788e+00
1.199815582106e+01,2.092713896249e+02,2.388030073186e+00,8.324848576327e-01
8.377986749180e+00,1.096859252904e+01,5.248080745176e+00,2.882356674009e+00
6.943565472237e+00,7.928722312810e+02,5.203148648559e+00,3.261235561071e+00
8.349827478395e+00,7.838342818855e+02,1.752747681505e+00,2.479574650627e+00
9.391439378550e+00,9.706981132674e+00,1.839864329444e+00,2.449913383850e-01
1.849237933008e+01,3.524347250609e+03,1.690883778464e+00,5.710764982025e+00
6.587697865283e+00,1.596086781343e+03,3.773481644124e+00,3.769933961190e+00
1.576591173202e+01,2.848797777508e+02,5.518663606574e+00,4.972688692058e-01
2.024651941886e+01,3.060037608417e+03,3.946735449199e+00,1.042408585554e+01
6.984966984394e+00,3.560058957960e+04,1.771308775967e+00,3.385880828694e-01
9.316291737508e+00,6.528684441818e+01,5.505196383102e+00,7.437103485615e-01
9.245234756892e+00,4.005203778050e+02,1.071890040438e+00,1.165928065864e+00
1.080933122636e+01,1.417444605813e+02,1.413261453781e+00,1.867673662117e+01
6.995988892432e+00,9.878484009572e+02,2.442979943023e+00,2.186976921395e+00
9.495331610684e+00,1.031206035729e+01,3.783428453767e+00,9.222299927052e-01
8.339204056497e+00,2.098777772589e+03,2.141382101533e+00,7.963586895892e-01
1.094721768654e+01,2.345909919273e+02,1.709768365824e+00,1.618526429979e+00
7.778065182785e+00,5.242113714034e+00,4.697287153227e+00,1.380602491002e+00
1.664759414022e+01,3.336327213464e+01,4.325016528351e+00,1.833072006499e-03
1.737515558634e+00,1.376587026342e+02,2.279274810824e+00,1.365090944237e+00
1.876641054526e+01,4.954100968974e+00,2.026316395833e+00,3.985975386719e-01
1.080570791452e+01,4.370480987577e+02,5.913264477325e+00,7.396499570031e-01
9.723898969070e+00,1.746989173441e+03,6.816863729889e+00,9.669420766792e-01
-5.262958502224e+00,8.117611918625e+03,2.220239647567e+00,2.113118718242e+00
1.344665146388e+01,8.887787893521e+01,1.734783833870e+00,2.336203852633e+00
1.073502842679e+01,3.743744029773e+03,3.468252389043e+00,9.549087484898e-01
5.117955406213e+00,4.234277323502e+01,5.241728266188e+00,1.215820563356e+00
1.692754722002e+00,2.804794166211e+02,3.968873386077e+00,1.266029659911e-01
1.197357504527e+01,5.908156249597e+02,1.205127978338e+00,3.388560569020e+00
1.386796394288e+01,9.312454152771e+02,4.583619598311e+00,3.641949767067e+00
1.695897063971e+01,4.278962370504e+03,4.126438675205e+00,1.307956599742e+00
5.224835163990e+00,2.415132607104e+02,5.691708904209e+00,2.377637795550e+00
9.849529616156e+00,3.134260286621e+00,3.415332599631e+00,7.322605241659e-03
9.767096980429e+00,1.357839444388e+02,1.905257437560e+00,2.804933519145e+00
9.702907629410e+00,5.175616913672e+02,2.570524721027e+00,1.450053765947e+00
5.104033111774e+00,4.849102848842e+01,4.778502062299e+00,2.736159274804e-02
1.564915085753e+01,1.740682217294e+01,2.936529745362e+00,6.446292367419e-01
1.074768686290e+01,8.576616751518e+01,4.877113866463e+00,3.033958083813e-01
1.351484866322e+01,1.075641688838e+02,6.963562813339e+00,6.092658394232e+00
7.640980130071e+00,2.442545426165e+01,3.928431452048e+00,2.458876564833e-01
7.434114042679e+00,6.127426005514e+01,5.588766415905e+00,7.696313894645e-01
1.654195891998e+01,2.742227068846e+01,5.668042070732e+00,5.467386709797e-01
1.288374378428e+01,5.033685525993e+01,6.257158667952e+00,5.462404818427e-01
1.180457755792e+01,1.026209895442e+01,6.787733490449e+00,1.227004572933e-01
3.738754979375e+00,6.980271853191e+02,3.491966148594e+00,1.368112871278e+01
2.142686697493e+00,1.235494586203e+01,5.115157957102e+00,2.778245656676e+00
9.930951607019e+00,3.744106320033e+02,6.789691954565e+00,4.084128263303e+00
3.643112462353e+00,3.735368560993e+01,2.798612726247e+00,6.216455167549e-01
1.380776307906e+01,1.254166374674e+02,3.936195094163e+00,1.425676100925e+00
5.002246474560e+00,3.192308558273e+02,4.444990220555e+00,4.963392908457e+00
8.688537853489e+00,1.147000141645e+03,2.868092234812e+00,3.011041095957e+00
1.450099615817e+01,3.334334970370e+01,6.651638120380e+00,1.335587513503e+00
9.123368959860e+00,1.767235526082e+01,5.550370356074e+00,2.880747215373e+00
7.389586856396e+00,5.780236150758e+02,1.918140860680e+00,2.401731944845e+00
1.221016546554e+01,1.530807226213e+02,6.259099332179e+00,3.967285547929e-01
8.679459545954e+00,1.297867907819e+02,2.095222623981e+00,3.708052653492e-01
7.738450596426e+00,2.237274999962e+01,4.320776132462e+00,7.787495432824e-01
7.295371675223e+00,5.905784261271e+02,1.663363393058e+00,1.537488552387e-01
1.240389230773e+01,2.093833261580e+02,3.900445161669e+00,1.834785008394e-01
7.110148426257e+00,2.010972092581e+01,6.359782005586e+00,2.840858676995e-01
1.381286482176e+01,8.766855616033e+02,3.048566670635e+00,3.003321945318e-01
5.238315365955e+00,7.465350112004e+03,1.059267012190e+00,2.127298750572e+00
6.055830941027e+00,1.702622204540e+02,1.043369452595e+00,1.963242121708e+00
5.508068167266e+00,3.788096676850e+01,5.219676317913e+00,2.917812961671e-01
1.069168630075e+01,1.320578376982e+02,2.659359304037e+00,1.517902592257e+00
1.032511767115e+01,1.657891048676e+03,4.682908887547e+00,8.376911921548e+00
1.622794106488e+01,2.256445157290e+02,1.569837013708e+00,4.196949899407e-02
7.720188925646e+00,1.061209966935e+02,4.224328406473e+00,9.701399074339e-02
1.398957472576e+01,2.162842417166e+01,1.178804927009e+00,3.180476798052e-01
3.804718926206e+00,3.004779378897e+02,1.239661178607e+00,9.194772972187e-01
2.000938335149e+01,1.119731183241e+01,6.897047404461e+00,5.704892699384e-01
1.579513400651e+01,4.285157273414e+02,2.822197559392e+00,1.333119013054e+00
1.534516617866e+01,1.125671047937e+01,4.260363707434e+00,5.915742934245e-01
6.860585191961e+00,3.719527681715e+01,5.399965510841e+00,2.447939517693e+00
1.055956867777e+01,1.836429146195e+03,5.926355130233e+00,1.130582571928e+00
8.191882195586e+00,2.581737526073e+03,1.528346736043e+00,5.531969000023e+00
5.752248400936e+00,4.117045294947e+02,5.343838733722e+00,1.022878716926e-01
1.085685706086e+01,4.215314645017e+00,3.581435963682e+00,5.191175707869e-01
1.399218389176e+01,3.675986174427e+01,3.122411444277e+00,1.155377797571e-01
7.707845292999e+00,3.894478699784e+02,6.126278948136e+00,8.007449099647e-01
8.595613883634e+00,8.410299730884e+02,6.732702990111e+00,3.306990905820e+00
6.912066356845e+00,4.542554411066e+02,4.240230567374e+00,1.543734771348e+00
9.142072309466e+00,2.559916835302e+01,3.207554734482e+00,2.590988341001e+00
4.297630374411e+00,1.093785714401e+01,3.890749977770e+00,9.185781751978e-01
8.044604595281e+00,2.884689949604e+02,5.974927741402e+00,9.762136911069e+00
5.632571242984e+00,6.533369829553e+01,1.993795450536e+00,1.556957908577e+00
9.407591017427e+00,7.538203708543e+01,4.598938724587e+00,1.191844362543e+00
1.193339006671e+01,3.160781168331e+02,4.684764934671e+00,1.813258259244e-01
1.362658227490e+01,7.850871901134e+01,4.183724061614e+00,8.159025687579e-01
1.591350537916e+01,8.889524201399e+01,6.564636196078e+00,7.685901466939e-01
1.089610530950e+01,1.245904590926e+02,6.376109296194e+00,1.200313545386e+00
3.331525926915e+00,1.615223450536e+03,1.427639228638e+00,1.109589212149e+00
1.227670300947e+01,4.643684931066e+01,6.472327823987e+00,1.183582344686e+00
6.235756066770e+00,3.077300141751e+01,5.313619065038e+00,1.459001015322e+00
1.475490610748e+01,5.096103431610e+01,6.402537407003e+00,1.451932946744e+00
4.287172217371e+00,2.545849112578e+02,1.031660824993e+00,4.455089709364e+00
1.260620660195e+01,4.914920476464e+02,1.968593646324e+00,2.052937725276e+00
1.148457165950e+01,1.129079641239e+04,1.022578858471e+00,2.405976843064e+00
4.808235543574e+00,8.112750018667e-01,6.937255596585e+00,1.198529154284e+00
1.705103966518e+01,4.212111965981e+00,2.382280842254e+00,4.171726945612e+00
1.014295094413e+01,4.967553870104e+01,3.978968676979e+00,2.592002752281e+00
1.552603761024e+01,5.417949241664e+03,1.024778150191e+00,3.999057685340e+00
-5.044382848645e+00,1.352600409643e+01,4.906720236651e+00,5.573168423150e-03
9.141783996793e+00,2.016059667350e+02,4.268162924237e+00,5.916553399813e-01
1.328740075266e+01,1.022033966309e+01,2.248922464438e+00,2.541428201901e+00
3.034327119744e+00,1.014528912360e+02,4.005987269237e+00,5.628412673930e+00
7.681504105416e+00,1.235311747912e+03,2.997794987443e+00,1.401643210951e+00
1.088453508453e+01,7.838562274943e+00,3.471932779402e+00,1.668845834620e+00
3.362269882535e+00,2.362143975539e+01,5.168951149641e+00,1.436123157577e+00
7.142728785631e+00,1.899417833397e+02,5.251499967237e+00,1.842534587479e+00
1.086250726318e+01,3.414505794332e+02,4.408709624805e+00,4.343332282424e+00
1.435630710153e+01,5.478043636149e+02,2.334139731433e+00,9.348505470722e+00
1.217732845323e+01,2.122546996278e+02,5.388173027512e+00,5.825384042261e-01
8.344430565900e+00,5.278239680586e+01,3.399688570796e+00,6.791704777732e+00
1.300345653158e+01,1.611136090048e+02,5.235889731734e+00,1.990811070690e-01
1.171378417422e+01,1.510522563223e+02,1.935296077878e+00,3.594933084465e-01
1.513290233547e+01,1.149764159078e+02,6.648201946505e+00,1.191169858067e-01
1.235897441908e+01,2.922581789219e+01,5.741436581299e+00,4.868160632520e+00
5.909315276834e+00,1.360966027262e+00,2.788751090235e+00,3.383612129534e-02
1.347614446438e+01,1.100260288825e+01,4.413843628262e+00,2.305070493080e-01
1.515567640018e+01,6.215336963628e+00,4.757589034218e+00,1.098307908337e+00
5.205639337374e+00,1.131184049958e+02,4.421826986491e+00,5.382233677346e+00
1.106636027824e+01,2.580590559396e+02,5.850282069933e+00,9.084786863075e+00
1.349842056783e+01,3.441816091053e+01,3.411123026325e+00,3.370877746621e+00
4.695140120993e+00,9.123285790910e+02,1.056355466648e+00,4.014752885606e-01
2.789313514676e+00,2.910126548485e+03,6.347112068299e+00,3.083207542038e+00
5.641378954670e+00,1.841762679868e+02,5.892105919417e+00,1.487732703704e+00
1.410592123807e+01,5.392460550950e+00,1.359293544118e+00,4.543090090402e-01
7.160591001485e+00,3.499450418173e+02,2.711949876251e+00,1.505174315107e-01
8.084980637638e+00,2.628735459741e+03,3.019801880019e+00,7.172783421980e-01
1.772621622618e+01,1.682918878562e+02,6.223447367762e+00,1.316291808280e+00
5.838814793205e+00,2.661274763028e+02,3.125630442784e+00,4.730974728314e-03
1.643068372749e+01,1.271087173469e+02,5.981400248735e+00,1.077947141578e+00
6.142566725711e+00,6.128120475425e+02,1.377557386514e+00,1.220433402872e+00
1.289539001942e+01,3.567698800770e+02,1.220113147952e+00,2.599957770805e+00
1.083783669254e+01,9.133967198660e+02,6.893585025096e+00,4.215091429915e+00
2.539977994484e+00,4.647669796344e+01,3.558515147853e+00,1.278237747966e+00
1.269153795893e+01,1.795154401093e+01,1.053781243264e+00,1.908895591344e+00
8.817383515317e+00,2.114376024381e+03,2.185596893926e+00,1.572878537533e+00
3.048769187363e+00,5.440390920987e+02,3.995122107697e+00,4.941378332354e-01
9.483044986962e+00,3.576285894368e+01,1.791581716676e+00,7.664661117505e-01
8.573581534683e+00,1.537897128682e+02,6.463247498422e+00,6.828294562265e+00
7.323111793281e+00,1.500424963179e+03,4.332547091713e+00,1.598002966541e-01
3.914331357043e+00,2.177035382025e+02,5.257030671556e+00,4.851406072799e+00
6.563812526730e+00,1.593787853826e+01,3.106432103790e+00,9.181755240776e-01
1.885006892766e+01,7.228111564194e+00,6.512192229552e+00,2.634283797162e+00
7.584475752609e+00,2.496856927180e+03,2.152247275229e+00,3.551120002592e-01
6.203630717608e+00,3.055406654219e+02,6.745809456897e+00,7.735042340892e-01
1.214766589070e-01,1.227939196244e+02,1.446928035139e+00,4.552967540287e-01
6.952888324994e+00,6.837707345273e+01,1.847261864248e+00,7.730637031361e+00
1.090956527141e+01,5.467362603739e+01,6.435576981942e+00,2.698244380845e-01
1.368129174742e+01,8.092469033161e+03,2.944785739056e+00,1.750612246926e+00
9.356163120059e-01,1.565331966027e+02,5.794521029092e+00,2.798688155515e+00
1.172553302399e+01,5.868725904503e+01,2.802838114253e+00,7.686473739696e-01
9.298214865395e+00,1.748456161110e+01,3.168151476595e+00,6.590573778069e-01
9.078353871169e+00,8.915575949106e+00,6.709056921043e+00,1.513698372622e+00
1.719088470916e+01,2.374602425489e+01,6.212577425993e+00,6.397291275390e+00
1.111544340270e+01,1.041110569132e+03,6.979638235388e+00,8.992718728672e-01
1.365554744411e+01,5.726549287565e+01,2.749398993167e+00,7.499268865450e-01
6.228469435580e+00,1.861477704242e+01,2.760199216107e+00,1.139937896051e+00
1.083714850683e+01,3.730213435943e+02,4.925956141898e+00,2.607529892673e-01
3.715911596093e+00,3.472835646476e+03,6.207365783580e+00,1.452022824632e+00
8.927262544822e+00,7.774722092639e+02,3.318358857437e+00,9.865159466649e-02
1.441358243271e+01,3.442318988630e+03,3.603607009491e+00,2.340931754789e+00
8.625290347119e+00,7.014404625905e+02,4.847942751126e+00,8.060602231070e-02
1.312600785517e+01,3.271898616436e+02,3.028162620282e+00,3.976741721606e+00
1.407466554692e+01,3.035485201870e+02,5.480127320730e+00,1.393033242662e+00
9.053961810919e+00,4.587302781428e+01,6.032911039361e+00,4.065898089089e-01
1.040339088616e+01,2.333361108808e+02,5.958045953851e+00,1.895184490418e+00
1.587740680053e+01,4.192192344445e+01,1.569040574094e+00,2.513007914262e+00
7.350515217348e+00,5.522715953659e+02,1.171067982914e+00,7.320723398252e-03
1.004418492957e+01,2.077948681713e+02,5.165337383574e+00,7.076207952004e-01
1.209553115524e+01,5.339999751703e+02,2.782044605703e+00,2.131571569898e+00
6.165965720735e+00,1.116755974155e+02,4.086685087732e+00,2.996300124724e+00
9.984024253403e+00,1.704947159361e+01,1.743036906973e+00,2.175161388039e+00
1.464929862175e+01,8.286876567157e+01,1.637644669719e+00,3.057858768786e+00
6.279527595545e+00,5.721405919643e+03,4.147667834368e+00,3.488439213563e-01
7.636477790222e-01,3.346079532882e+02,3.213102396408e+00,1.301199556235e+00
5.306759286479e+00,9.379900426947e+02,3.365446917690e+00,1.306143413428e+00
1.395724345242e+01,3.357420587482e+01,5.857639252052e+00,3.424863838944e-01
7.875133496658e+00,4.334070883914e+01,6.087919821368e+00,2.575376499492e+00
1.270741797838e+01,2.116141280811e+02,2.653728592081e+00,3.223728469091e+00
1.048437534802e+01,3.153793979893e+02,4.426638884357e+00,5.397165757299e+00
5.903844869145e+00,2.576219277787e+00,3.289434158566e+00,1.682469681050e+00
4.739916896224e+00,2.246617573547e+01,5.906126627134e+00,4.867637363934e+00
3.338110059470e+00,8.655152120325e+02,1.674458368393e+00,1.434862355316e+00
8.717117043208e+00,1.662603279158e+01,5.036099951010e+00,6.597737902814e-03
1.126772219965e+01,1.646621292158e+02,1.877795807767e+00,5.031844434984e-01
1.034620977891e+01,1.011140690596e+03,6.274640759721e+00,3.649825346246e+00
7.156340204136e-01,1.545567806112e+03,6.015602618979e+00,2.212625941179e+00
1.148642519026e+01,8.296073938588e+02,2.348886579745e+00,2.198422537557e+00
6.122803618100e+00,1.877694628138e+02,4.838793791109e+00,1.985482703361e+00
6.581365308494e+00,7.221395867201e+01,6.202414228352e+00,1.236794454756e+00
1.292436024184e+01,5.965210186562e+03,1.042880311418e+00,2.440712485548e-01
2.999856091406e+00,8.257025006026e+00,2.142200002538e+00,2.419871550878e-01
1.326455943564e+01,5.350821672857e+03,2.426643402515e+00,3.764404267580e+00
5.026403475077e+00,1.314743399497e+03,3.465617867411e+00,1.921681713014e+00
7.415841283588e+00,5.104791203828e+01,1.974245825285e+00,4.728960064000e+00
7.820569752414e+00,1.028274454700e+03,4.589043831500e+00,4.066602812733e+00
1.116919261226e+01,7.875597746311e+01,3.460037362089e+00,1.220265733564e+00
1.742898685288e+01,4.775807919739e+00,4.902665005397e+00,1.285337416793e-01
1.170400739317e+01,1.977876478447e+02,4.660875120827e+00,2.844161434983e+00
9.523023603514e+00,4.073642315559e+01,5.360913456098e+00,3.737260034967e+00
1.634478316738e+01,6.693914873764e+00,3.480214088553e+00,1.822512029124e-01
1.415167270463e+01,1.550504502097e+04,2.591062182714e+00,1.383638822731e-01
1.034751707585e+01,2.099261773753e+02,5.114304858534e+00,1.705902018729e+00
6.544792402904e+00,1.749929341482e+01,4.246501110541e+00,3.087906205724e+00
1.054081800764e+01,4.689573591545e+02,1.292705728308e+00,1.902274064477e+00
8.265437769888e+00,1.436178847315e+03,2.740556301584e+00,1.555262306288e+00
1.462367774896e+01,2.883220501669e+02,5.940533564404e+00,5.008391628936e-01
9.879627171811e+00,7.960426682017e+02,4.527398591482e+00,6.253302999005e-01
1.078319262436e+01,4.614288461242e+01,6.278466279001e+00,1.763302695273e+00
8.679735455377e+00,6.193216400711e+00,2.226948279606e+00,5.998636207680e+00
9.307491293418e+00,2.498429743956e+02,3.681278013439e+00,1.490340522159e+00
7.843554555905e+00,2.263831389030e+03,3.392625327830e+00,2.965255617981e+00
1.659802434535e+01,2.331673772093e+02,4.609431099145e+00,1.902706998459e+00
7.018734973929e+00,1.157200104104e+03,1.259151424832e+00,1.287234899819e+00
1.110079573923e+01,2.354996991301e+00,2.325525750067e+00,3.909449460009e-01
9.595339249117e+00,3.404568416517e+02,3.801812798864e+00,7.671886891868e-01
1.228959973043e+01,1.207866762361e+01,6.404818143255e+00,2.422267692011e+00
6.181921801796e+00,1.367390066957e+02,6.504194824837e+00,2.830447396480e-01
3.178038701104e+00,2.151973566267e+02,6.019744001536e+00,1.499920441847e+00
1.785854321559e+01,1.112716115672e+02,2.272998186953e+00,5.411995335421e+00
1.491993528509e+01,3.316491759064e+02,6.724019461677e+00,5.316177119022e+00
1.225650285357e+01,1.058058002325e+02,3.595688561849e+00,2.907362201375e+00
3.993657236912e+00,9.732171821251e+02,6.967171734008e+00,1.014894771395e+00
8.555903104657e+00,2.586995200866e+00,4.225481354399e+00,5.974876220062e-01
1.333561154275e+01,6.563803446818e+01,1.802917534404e+00,7.399586014756e-01
1.503409225853e+01,1.001337403370e+00,6.601919776520e+00,6.201693051073e-01
6.376114954796e+00,5.099780396771e+02,2.228833112072e+00,1.976916009699e-01
7.371305694782e+00,1.699499066633e+03,5.141044719060e+00,2.803296911164e+00
1.384803315966e+01,3.794769095602e+01,6.160592523520e+00,6.148538903480e-01
3.151222180530e+00,5.668139870174e+01,5.495320982781e+00,1.041487945265e+00
1.159492094070e+01,2.850552335453e+02,5.070793981467e+00,1.439211303879e+00
1.518832815974e+01,3.160004016510e+02,5.275821298032e+00,2.359487330193e+00
3.020202580771e+00,1.416457714250e+02,2.339871681155e+00,4.061393359433e-01
1.061811907690e+01,4.749335398753e+01,4.646467725153e+00,8.365362661988e-01
9.822959337161e+00,7.761563883078e+01,1.287270306923e+00,9.302276783889e-01
1.023869286171e+01,1.373770372735e+02,4.767090007368e+00,4.972874428946e-02
1.593983802132e+01,2.791525737654e+02,3.755999180388e+00,2.231868448751e+00
4.879938827934e+00,7.546949702634e+02,1.422153912567e+00,3.856852502089e+00
1.614035339977e+01,4.085059819158e+01,2.980163495503e+00,3.486629025857e-01
3.764482151741e+00,2.638884884714e+00,6.579544520948e+00,1.475325959175e+01
1.593122950644e+01,1.158397626561e+03,1.424858847214e+00,4.565849528734e-01
1.105884582281e+01,3.419281261472e-01,4.016528401289e+00,1.117138134724e+00
6.297463431308e+00,7.136332194983e+01,2.613458564421e+00,4.315508647611e-01
7.367582925240e+00,1.666582284504e+01,3.513377157568e+00,1.617240170625e-01
2.820842976083e+00,7.541846391657e+02,3.114120232672e+00,2.602869203605e-01
-2.274813519216e+00,3.324342884607e+03,6.686688034396e+00,8.233124470264e-01
3.500932028492e+00,9.838917986812e+01,3.204763798921e+00,4.987606350652e+00
1.601506449665e+01,2.971597952015e+00,5.419753603349e+00,5.641026388844e-01
1.085470643819e+01,5.270583687652e+01,6.509317052580e+00,3.753891783839e-01
1.322911103785e+01,5.167143615277e+03,4.847760150494e+00,4.866771412461e+00
8.376688306143e+00,4.887635312196e+01,1.367286931837e+00,1.251817855090e-01
1.439059048794e+01,6.237157633363e+00,5.636578985070e+00,1.737680639991e+00
1.493498655271e+01,2.474885238149e+01,5.963013289490e+00,3.960220462207e-02
8.689108185987e+00,2.403928067107e+03,3.608075310440e+00,9.877109764580e-01
1.465792500162e+01,3.697329726604e+02,1.244593625950e+00,3.197488068648e+00
4.355927363402e+00,2.455687583485e+01,2.414697081790e+00,1.316187878815e+00
1.675974650445e+01,4.307422809247e+03,4.067754145843e+00,1.465267191281e+00
9.537009435346e+00,5.601543446356e+00,5.417465448099e+00,4.822965009329e-01
-1.707118768691e+00,2.653285361561e+03,2.917305807689e+00,3.315647168236e+00
8.404983158071e+00,1.598433951305e+02,2.819540069507e+00,3.306800779576e+00
1.296420880009e+01,2.831178267087e+02,4.790343373551e+00,3.988208382910e+00
1.877714744924e+01,6.791111330966e+02,3.764506633180e+00,6.494234488646e+00
8.996860642559e+00,4.133450408068e+02,1.766952791643e+00,1.170653247925e+00
1.394847478549e+01,2.056069988785e+01,4.550323126671e+00,2.162708287638e+00
1.604405776368e+01,8.689794445295e+01,1.891499880298e+00,1.072654700558e+00
8.634950881649e+00,1.827926728604e+03,5.998454824533e+00,1.886403045730e-02
1.736417785275e+01,1.861374196356e+02,6.034710219314e+00,7.145639871263e-01
1.640067671578e+01,9.850869132308e+02,3.145846586674e+00,1.899966960741e-01
1.102187747347e+01,4.652111158906e+00,4.136405142112e+00,2.166916043120e+00
1.013266560550e+01,5.319670186423e+03,3.206422666976e+00,3.636869927122e+00
4.907534431781e+00,2.320507320055e+01,2.473962747076e+00,3.930743647080e+00
9.057801931991e+00,3.010293859795e+02,3.638498208896e+00,1.705512223574e+00
1.588211768860e+01,6.304977628120e+01,6.330941600788e+00,1.269955885701e+00
1.434466343763e+01,3.061265321659e+03,4.919144612469e+00,2.199594338291e-01
1.009352940555e+01,1.364480257771e+02,4.585712137295e+00,8.614295067255e-02
7.640889630674e+00,2.035821724885e+00,5.446912638994e+00,2.191185385420e+00
7.255863184282e+00,8.285619735625e+01,3.865952666183e+00,1.413960112359e+00
4.615846381929e+00,3.348089136124e+01,4.067764526568e+00,5.448511286199e+00
3.463095781344e+00,3.321719959484e+02,6.684118434164e+00,1.052011911860e+00
9.262099373245e+00,1.069423785519e+01,6.225648384528e+00,2.211715718797e+00
6.826820860394e+00,1.469503727051e+03,3.188712041231e+00,5.690862647674e-01
8.353906200496e+00,5.562725957631e+03,4.626934347458e+00,2.178027312635e+00
1.249424659475e+01,6.032710664022e+01,3.249865544254e+00,1.030018215000e+00
4.560165856279e+00,2.854060997704e+01,6.096148580470e+00,6.740920513082e-01
1.552244774989e+01,1.389932163154e+02,6.438621583501e+00,2.479573953187e+00
1.839132488806e+01,5.272432056281e+01,3.003679349247e+00,2.002173013221e-01
2.211673404413e+00,8.635425022886e+02,3.390572181221e+00,1.681567927383e+00
1.754875480882e+01,3.273682040426e+02,3.089983333409e+00,7.986269754135e+00
9.251237434621e+00,1.685307113080e+00,6.873402798101e+00,1.960625808042e+00
5.598480453464e+00,1.018706621089e+02,5.145954848315e+00,2.013272272544e+00
1.432034512213e+01,1.037043075891e+03,4.403785692438e+00,1.863972444751e-01
6.893873583243e-01,2.100045621154e+03,6.758833784434e+00,2.069157569846e+00
1.726910424897e+01,3.387100905998e+00,3.137110992056e+00,2.661465908567e+00
1.489315691637e+01,1.713769143478e+02,4.889371892998e+00,4.826597337019e+00
9.343262911978e+00,1.135320512756e+03,2.755551580834e+00,7.026570254659e+00
1.411768255405e+01,5.388951627577e+01,5.308978261724e+00,9.391619201862e-02
6.286675124028e+00,2.016105131400e+02,6.850104704503e+00,2.924432071762e-01
1.349292928678e+01,3.827283202252e+03,5.694647636372e+00,1.001258148837e+00
1.239314505612e+01,3.559085657003e+01,5.494431779598e+00,6.646721290129e-01
1.613320678137e+01,2.062336486226e+01,5.068604180466e+00,3.327622860839e+00
4.967532479949e+00,1.119847562062e+02,5.172051175238e+00,4.051399817860e-01
1.143776581842e+01,1.015317629378e+02,1.836479820853e+00,2.286282588842e+00
7.047917660650e+00,3.854438669402e+02,3.656105286042e+00,1.205704928856e+00
1.454316758278e+01,5.263437818701e+03,3.874850574499e+00,9.596447702807e-01
1.430905437781e+01,2.202481246856e+02,6.910652177449e+00,7.104699731110e-01
5.839967535836e+00,2.092853235570e+02,6.679444031946e+00,2.389072910130e+00
8.144452937857e+00,5.226173285249e+01,2.544088913357e+00,6.780276703191e-01
1.102452628553e+01,1.450759087166e+02,1.096445845897e+00,1.465066145241e-01
9.040419954447e+00,6.314574955167e+03,4.000028513381e+00,7.384677402723e-01
5.616393443210e+00,1.211387086294e+03,4.514072247237e+00,8.351005679028e-01
1.234392997306e+01,1.246358154319e+01,5.672691069386e+00,4.132544923250e-01
1.439155683110e+01,4.931094639297e+01,6.906067762170e+00,5.089956742598e+00
1.632411487048e+01,1.066517352378e+02,2.037143271331e+00,2.408738664769e+00
7.252078946660e+00,1.981738370487e+02,4.769991098946e+00,8.790793171226e-01
9.780322195752e+00,3.801319032975e+02,3.705346368143e+00,2.815790444620e+00
1.093863442739e+01,1.752638104979e+02,4.495745378718e+00,3.044496471965e+00
6.374539864055e+00,6.455278332275e+00,5.595761494035e+00,3.290763634338e+00
7.894327719662e+00,1.311371296028e+03,2.596644906458e+00,1.897337355041e-02
3.108066521158e+00,1.052645444738e+03,2.983281272448e+00,5.955697003957e-02
1.748418118180e+01,1.615301995356e+03,3.890400252280e+00,5.891799809440e-01
1.254462037338e+01,3.846521970179e+02,3.568886619751e+00,3.665691178753e+00
1.382399384675e+00,3.570118038601e+01,1.729111675407e+00,9.231741819655e-01
3.579257679135e+00,7.239624154780e+02,2.519332466201e+00,1.181174005418e+00
1.932581698606e+01,7.578342940502e+01,1.646840206128e+00,5.762306290168e-02
3.181477449263e+00,1.065039899493e+01,5.884286263140e+00,6.535458954860e-01
1.631515145363e+00,2.245568334877e+01,5.014444745561e+00,1.760571094213e+00
1.319881900732e+01,1.493778758849e+03,3.332356030617e+00,1.137150753354e+00
1.290459854834e+01,1.329441040393e+04,4.472458338027e+00,2.298611279023e+00
3.642947150270e+00,3.977605522443e+02,1.442203798137e+00,7.418166104534e-01
2.994625779272e+00,9.238730853124e+01,3.605863207980e+00,1.438286104083e+00
5.869667886696e+00,1.198187903049e+03,4.902940232380e+00,2.535041528951e+00
1.279100127960e+01,1.391127985781e+02,5.909407202514e+00,1.506079278272e+00
8.186317747536e+00,2.187393937352e+02,4.652428090306e+00,2.596018025972e+00
3.780497314080e+00,2.602005545646e+04,4.870363079453e+00,3.246074316292e+00
5.815742301103e+00,2.414243002699e+02,1.016933414241e+00,7.194901896638e+00
6.974212121133e+00,1.366574585743e+02,4.698855146089e+00,1.840946790348e+00
2.559515762248e+00,1.306469447570e+04,2.820218672894e+00,3.248846773586e+00
1.089295551037e+01,6.533546503156e+02,5.858998284145e+00,4.025006905096e-01
5.691333625895e+00,4.562842977687e-01,6.180317298739e+00,2.030101706180e-01
2.161775477298e+01,4.954406755009e+02,2.937779355277e+00,2.863754516413e+00
1.163211289313e+01,2.787976199053e+02,1.288915094946e+00,1.203256105801e+00
-2.046959032422e-01,5.837057596370e+01,6.651480710671e+00,4.086895967051e+00
1.001201278466e+01,3.917161996198e+01,5.309823289329e+00,5.575258990609e-01
2.065474292548e+01,2.616359195769e+02,6.794357712730e+00,8.983289139689e-01
4.245871248530e+00,1.197925485663e+03,1.373721145264e+00,1.642751751152e+00
6.008456986943e+00,5.891014656039e+01,5.509675175269e+00,7.653835499536e-01
1.759162908266e+01,1.231580138354e+01,5.035134656944e+00,2.345389534010e+00
3.683198207666e-01,5.384389185538e+02,2.159469299349e+00,5.838560865746e+00
1.275380321139e+01,7.587521855918e+02,3.698574664756e+00,7.707745130268e-01
9.608705304878e+00,2.315198958041e+03,3.738345915579e+00,5.081478137423e+00
-1.780039962274e+00,1.030117904309e+02,6.781498361266e+00,3.673757431128e-01
4.591197715931e+00,1.619299745658e+00,3.799484955496e+00,7.125024902682e-01
1.483038677975e+01,3.558688054939e+02,5.390131747391e+00,4.654625334987e-01
9.001052798223e+00,5.590376946564e+01,2.749242915576e+00,5.021905683986e+00
7.326354923811e+00,1.230758781271e+01,5.370760421435e+00,2.063283604157e+00
1.426735928524e+01,3.019149715196e+02,1.192036085534e+00,9.693163638440e-01
7.793948518111e+00,6.961262706672e+00,5.829760733856e+00,9.567971870207e-02
1.075403428682e+01,1.540995775598e+03,2.418571793199e+00,1.264433116613e+00
1.594330335537e+01,4.678718153554e+02,3.823541832850e+00,3.630904597808e-01
8.059453109291e+00,5.227521956785e+01,2.050650263661e+00,2.836046791627e-01
1.155742991194e+01,2.061646640555e+02,2.360349176930e+00,6.893661043685e+00
9.751353007336e+00,4.304418703727e+01,1.401742865651e+00,1.086560268595e+00
9.139266476531e+00,8.538462801458e+03,5.622499743936e+00,5.413650232293e-01
1.059772940371e+01,2.340870944824e+03,5.385819377359e+00,1.218822321380e-01
1.097257311704e+01,6.962644845344e+00,1.465418117868e+00,1.394734981193e+00
1.171337125929e+01,1.370709020914e+02,4.036977026088e+00,1.183571331970e+00
2.259787410750e-01,2.546153320626e+01,5.268412579316e+00,4.175427719360e+00
1.640055875260e+01,5.147965551631e+01,1.421828060834e+00,7.238982143643e-01
1.350657724615e+01,1.844534887624e+01,4.734006351705e+00,9.489244219821e-01
1.087305418148e+01,1.998834604689e+03,6.725814107625e+00,1.177520427826e+00
1.069742061226e+01,1.238293423725e+02,6.838813535726e+00,4.400569038781e+00
4.403198831012e+00,2.560980905436e+01,4.593324008737e+00,2.050190920992e+00
9.635972481701e+00,2.625767765563e+00,2.704146062779e+00,1.520489745670e+00
7.672420882546e+00,8.237866299091e+02,4.144881500182e+00,2.798116253456e+00
1.871916613230e+01,6.967778794300e+02,3.038246466402e+00,2.091392717224e+00
1.104610853933e+01,8.966994704212e+02,4.429954406006e+00,4.201371622086e-01
1.043343301676e+01,7.738300562242e+02,1.601793079316e+00,2.495180685101e+00
1.040826412850e+01,3.497421166953e-01,3.750978133543e+00,4.164442949687e-01
1.588175884692e+01,3.294823985786e+02,2.220883947168e+00,9.773589889931e-01
1.590018406253e+01,2.569202566483e+00,3.660581413604e+00,6.188089907811e-01
-2.388820305404e+00,2.981847272349e+02,3.367732163169e+00,2.673065365695e-01
1.052247082571e+01,6.173173728163e+01,5.368520060694e+00,1.991911589231e+00
5.789874985536e+00,3.038623385721e+02,4.998445707308e+00,4.907952350549e+00
1.307347650543e+01,1.819247542834e+01,1.689341204331e+00,3.113714866216e+00
9.629162955974e+00,1.448882210326e+02,1.514765956378e+00,4.487219350650e-01
1.051509574801e+01,1.925627074112e+02,1.632590153082e+00,8.559734087553e+00
1.261374829923e+01,1.881492913277e+01,5.861453053437e+00,7.920927158429e-01
7.881255893811e+00,4.691043641030e+02,5.030079172154e+00,1.289527219936e+00
1.064245137602e+01,4.198385236086e+01,6.080801880902e+00,8.886680327126e-01
8.804325608246e+00,4.824095973456e+01,2.411098603051e+00,1.085854955650e-01
1.190281930228e+01,2.951442857906e+02,6.303534822875e+00,1.201807337683e-01
1.181077836484e+01,5.790568530497e+02,5.920376066050e+00,1.566162616015e-01
1.565677138691e+01,6.831527938779e+01,4.945036284618e+00,5.987673564079e-01
6.468446725001e+00,2.347938084458e+02,2.005272078301e+00,3.843615091290e+00
5.562094683853e+00,4.420464232514e+01,1.488366109048e+00,7.159793316326e-01
1.000624769278e+01,4.053240251831e+02,4.303500079753e+00,7.161969458713e-01
1.605829022572e+01,3.832645030038e+03,2.417349332663e+00,1.586996155882e+00
9.647054850323e+00,1.956248220001e+02,3.634536708596e+00,6.179741198574e-02
5.156880348483e+00,1.538020423849e+02,4.768546522042e+00,1.538007777579e+00
-5.127858473584e-02,3.795303527741e+00,5.056491010898e+00,1.381806259474e+00
1.362448505260e+01,2.227751355124e+02,1.322317216085e+00,2.306035195684e-01
1.491597425029e+01,9.484175137196e+01,2.298781396281e+00,5.892138497150e-02
1.292492895976e+01,3.225572955694e+02,1.743086127299e+00,3.091942366062e+00
1.329994203257e+01,3.653026891984e+01,4.977223665157e+00,4.579111656678e+00
1.239739528634e+01,3.354199698165e+00,3.193563139161e+00,5.450664527405e-02
1.026111878484e+01,8.184618724269e+01,4.176500990133e+00,1.058457564112e+00
6.452496905039e+00,1.750191343296e+03,4.645700810877e+00,2.175789731790e+00
1.989247246660e+00,1.363169488109e+02,1.088934907883e+00,3.394054804634e+00
1.470133961124e+01,3.051354836427e+02,4.034058976434e+00,4.924540174796e-01
2.463715248211e+00,3.976210170583e+01,2.877944950002e+00,6.857324885745e-02
1.548007870242e+01,8.594235915453e-01,3.854192993511e+00,4.065953832321e-01
8.973779915935e+00,5.195531368455e+01,6.748821731870e+00,5.071068140116e-01
1.288901972843e+01,4.509184245156e+02,6.967931642881e+00,9.273543896212e-01
1.784303933306e+01,3.169482972324e+01,3.376350518320e+00,2.923384243117e+00
1.273039244853e+01,3.130351633192e+02,3.692197689321e+00,2.518491133881e-01
4.814861769344e+00,2.046697611123e+03,4.177844650517e+00,1.277303546659e+00
8.401097994697e+00,1.322128662547e+00,6.919131700226e+00,1.698239562265e+00
9.959843252409e+00,1.025739427930e+04,2.467097277973e+00,3.594887087037e+00
1.535715137422e+01,1.697034927749e+01,1.313870813107e+00,4.055966678515e-01
9.266679040001e+00,1.037679879296e+01,5.139265976863e+00,1.270230618846e+00
1.441189374665e+01,2.125135953437e+03,4.050053332212e+00,1.893747042718e+00
9.659776662440e+00,1.389510791133e+02,3.097569289951e+00,2.325425124454e+00
1.327564890650e+01,4.573308115286e+00,1.943768162582e+00,3.254307085119e-04
1.377383940982e+01,1.555613129108e+02,5.696355650850e+00,1.422478256408e-01
8.041575190623e+00,7.114501182839e+00,5.310636308067e+00,1.776759440498e+00
7.342628944954e+00,5.974573002355e+03,1.064006571030e+00,5.134927720216e-01
1.117735927405e+01,3.750353732217e+03,3.620408236794e+00,1.359751833995e+00
1.153765218794e+01,3.561564577201e+02,5.552842757991e+00,2.419682897654e+00
9.024585288872e+00,1.574403035009e+02,1.919033491131e+00,4.282725249696e+00
9.273220759589e+00,6.210717331278e+01,3.482879770560e+00,9.372144926741e-01
1.265294154880e+01,3.055704333930e+02,1.659462871973e+00,1.356643717357e+00
4.375731190679e+00,3.882205826363e+02,1.845234165391e+00,2.547694576266e+00
1.213391789282e+01,7.199529884763e+02,4.811530787974e+00,3.254053001440e+00
7.341929508073e+00,9.824055385579e+00,6.968921339080e+00,1.101908234347e+00
1.644768539746e+01,2.551003475086e+03,3.068198402053e+00,4.329226843877e+00
9.065460321426e+00,1.584650711841e+02,3.452238773192e+00,1.237471657341e+01
3.107596173140e+00,1.310358847642e+02,6.442600201957e+00,2.053731526632e+00
1.993606306663e+00,9.245817291850e+01,4.466850309122e+00,1.035202090430e+01
-9.587198290696e-01,2.124982602211e+03,4.595901141769e+00,1.090646981215e+00
1.499227444139e+01,5.346912194711e+03,1.943622905246e+00,1.841736434350e+00
8.849187542602e+00,2.670793364812e+03,4.038172933076e+00,1.580554173274e+00
6.349858757152e+00,8.561612078013e+01,6.361038944597e+00,1.253545256637e+00
6.322927272373e+00,1.335970849308e+03,5.817400484631e+00,5.120858282516e+00
7.516195743995e+00,8.675041054737e+00,4.862976193297e+00,2.262581324110e+00
8.590227022651e+00,2.882052234567e+01,1.305372423241e+00,1.609978877772e-01
1.153775091745e+01,8.524112838968e+00,5.963303111605e+00,2.208060699803e-01
7.170844271577e+00,8.481771652592e+01,3.836654338805e+00,5.112514934380e+00
1.342568151739e+01,1.172871811522e+02,6.268653000802e+00,1.970249421634e+00
1.408239656683e+01,8.879499062446e+01,2.316490792179e+00,5.042964264433e+00
7.769170863376e-01,4.780221236589e+02,3.431382817027e+00,1.285999700978e-01
1.371571156357e+01,2.812721468925e+01,4.293402563587e+00,1.376985721796e+00
2.319250488767e+00,6.188025868882e+01,5.546215501841e+00,5.431006476171e-01
8.969359763415e+00,4.251768603036e+00,1.968394797091e+00,5.888286575482e-01
1.468552474864e+01,8.449637964692e+02,1.844667054320e+00,2.429452751673e+00
1.351320311973e+01,2.549073356975e+03,1.768360381174e+00,4.085118338400e-03
7.518666576334e-01,4.613206880207e+00,6.760670195668e+00,3.986458145733e+00
1.814861854469e+01,5.527348560651e+02,3.031867630466e+00,2.152246633965e+00
1.542148749734e+01,1.569624118814e+03,3.970815718903e+00,8.908808037741e-01
7.895068530097e+00,1.255475717794e+02,6.665424492412e+00,3.107664056099e+00
1.121326475998e+01,2.487012121046e+03,1.435066893750e+00,1.581128831958e+00
7.788137794032e+00,5.428075096800e+02,6.857556090169e+00,3.517112017644e+00
5.259609296581e+00,1.028849987705e+02,3.678237428419e+00,2.013547795906e+00
1.159488394025e+01,1.302275451432e+01,3.425187778971e+00,9.780756643408e-01
8.217164051745e+00,9.807377232421e+01,2.187875714225e+00,2.332416346793e+00
6.948719627680e+00,2.775540440105e+02,2.807280004670e+00,1.324482568444e+00
7.596750091666e+00,4.686152279225e+03,2.953474327021e+00,6.982659668560e+00
6.513954667235e+00,2.180377299007e+01,5.758319952476e+00,1.130603877595e+00
1.236797938839e+01,3.696064441336e+01,6.347150570155e+00,9.835500046123e-01
6.103215282679e+00,1.230546483642e+01,3.852606292866e+00,8.294302869949e-02
1.037627506582e+01,3.038561515542e+02,2.976201402905e+00,1.072944792131e+00
3.941456977888e+00,3.518607385810e+01,6.953655377612e+00,7.914111536830e-01
1.163930138821e+01,8.591253784835e+02,1.457619057280e+00,5.218777625978e+00
9.244447634603e+00,5.510178384315e+02,4.098574712281e+00,2.398625414650e+00
7.952264829381e+00,5.439343620416e+02,1.855075763108e+00,2.595407509823e+00
1.207776481156e+01,1.806515990555e+02,2.197302962208e+00,3.629960918608e+00
4.483532179336e+00,5.428586214775e+01,4.907366189677e+00,5.602418420414e+00
4.171553181094e+00,1.139188674680e+02,4.290050246235e+00,8.643307378279e-01
1.092740337127e+01,8.183734366334e+01,4.027694276002e+00,8.166925138010e+00
6.067943405342e+00,6.589668875822e+02,4.301048359402e+00,2.782277430861e+00
3.030303490415e+00,1.821750426538e+03,2.611834849330e+00,7.618016125402e-01
3.226060541283e+00,4.972277542894e+02,1.806274369854e+00,9.709657694616e+00
1.252898322791e+01,1.297049140237e+03,1.439159435090e+00,1.870589458553e+00
1.200386293398e+01,1.694114039814e+01,5.393436993620e+00,1.344815493543e+00
1.625196085477e+01,1.388500493082e+02,2.800528297221e+00,1.926357728988e+00
4.781361699291e+00,1.008464961045e+02,6.174602000132e+00,2.841727808920e+00
1.098687063521e+01,2.356202554997e+01,2.719938846985e+00,1.199861478275e+00
1.361812612095e+01,1.980214276247e+02,6.160786206689e+00,6.755139754467e-02
1.538639475513e+01,1.450068426904e+03,4.161110875321e+00,2.791842991951e+00
1.247293588258e+01,2.756077634592e+01,1.506370600094e+00,3.685390308977e-01
1.408344108101e+01,7.737921018921e+02,1.898637862077e+00,2.520757568393e+00
9.820532557179e+00,6.081074909130e+02,4.380328989720e+00,1.349801683997e+00
1.495907784740e+00,1.294841909191e+01,3.836456944094e+00,1.479697454147e+00
5.373134154596e+00,9.978176909507e+01,4.552168851951e+00,2.840959835473e+00
5.993721034187e+00,4.683555899882e+01,3.188884032358e+00,4.674121642213e+00
6.122400747940e+00,1.543322948682e+02,2.925095306507e+00,5.978989895691e-01
1.460659876729e+01,1.223731434436e+01,3.088149184054e+00,9.029982107618e-01
1.204727312909e+01,1.391229511082e+04,6.943207474519e+00,1.019384811766e+00
-1.257507368415e+00,2.665141072130e+02,6.467724850802e+00,5.227617751374e-02
7.356264433796e+00,2.195277401949e+02,4.537814930975e+00,4.811544629939e+00
1.241946825602e+01,2.508284623572e+01,2.219211031266e+00,4.040971733777e+00
8.343654880269e+00,4.920659308510e+03,3.667019550059e+00,2.591461863598e+00
8.538175812510e+00,4.050200151111e+02,6.948540609860e+00,7.649197436860e-01
9.053255797674e+00,2.145482710194e+02,1.977102241194e+00,2.548848920925e+00
1.448220234992e+01,3.419506696521e+02,4.151436711619e+00,1.862294824449e+00
9.677577695915e+00,2.069675539048e+02,6.100002692192e+00,6.867994237087e-01
1.464613649557e+01,4.877550660950e+02,1.868521508203e+00,4.293783554467e+00
1.900441620673e+01,9.796666958876e+01,6.916496584961e+00,7.212453891178e-01
1.576035381774e+01,1.571499400755e+02,2.018542694931e+00,1.153980395933e+01
1.268218731483e+01,6.060261516079e+01,2.033125341237e+00,8.038491106544e-01
7.392405552067e+00,1.502888585965e+00,6.062061905369e+00,2.139065164364e-02
1.303332200632e+01,2.288779802765e+03,5.542196035862e+00,1.459636465458e+00
1.224055533371e+01,3.101733364602e+01,4.209127694330e+00,1.309739045974e+00
1.178136668656e+01,3.522068809176e+02,5.207391681736e+00,1.582436293638e-01
1.069821090094e+01,1.311941746539e+02,2.999163541243e+00,7.920710689301e-01
1.576352679860e+01,5.921732580242e+03,2.013998784302e+00,5.112095931789e-01
8.948423253248e+00,4.123053608193e+02,5.335542888680e+00,3.606518361108e-02
1.851196661468e+01,1.188048731732e+02,6.130803768792e+00,2.409103285643e-01
3.665252956491e+00,2.490463419622e+02,6.872515307496e+00,4.967998345699e+00
8.282923409354e+00,2.815552080296e+02,6.109308062181e+00,1.530560889323e+00
4.881226536373e+00,3.619440165667e+03,3.718515380433e+00,4.835779416171e+00
6.686623958811e+00,4.299141939704e+02,4.950957830124e+00,2.616072799836e+00
1.714753255923e+01,2.945366405494e+04,5.762869340843e+00,6.759958487838e-01
7.231748729962e+00,1.720508435666e+01,2.581190850124e+00,6.603464704580e-01
1.275878515189e+01,1.285204276583e+02,2.161841859404e+00,2.057821937535e-01
1.473417397677e+01,6.949247997668e+02,4.287968147208e+00,5.518507691890e-01
1.070787119975e+01,3.229719513039e+02,1.659414833370e+00,9.448550401464e-01
2.844024066764e-01,3.063794573550e+02,4.511835474002e+00,7.626140105861e-01
2.163836623012e+01,5.369985798442e+01,6.469394532929e+00,1.010447969841e+00
9.271097991992e+00,1.892223757808e+02,2.566549666703e+00,2.174156124246e+00
1.222258032012e+01,3.637668047549e+04,5.461328032912e+00,3.032923073451e+00
1.171758802579e+01,1.498726480862e+02,1.293030144434e+00,2.977770909166e+00
1.126802603882e+01,5.710220477333e+02,5.356271508380e+00,4.104754122667e-02
8.761312368021e+00,3.618287458046e+00,4.129852020824e+00,1.719106110670e+00
7.634232691412e+00,2.369344079257e+00,3.399081175078e+00,2.938203325931e-02
1.395855244798e+00,9.256237190653e+01,1.987216041006e+00,1.155784721258e+00
1.118660679715e+01,6.840314151147e+00,3.136970795735e+00,5.458954681448e+00
1.778100327184e+01,3.301806770872e+01,4.865712205135e+00,6.729662192300e-01
5.296676100104e+00,3.172703524209e+02,2.055221119608e+00,3.957021876885e-01
1.219568344744e+01,2.782023028084e+01,3.809985196871e+00,5.938962808254e-01
1.229795335669e+00,3.555531723548e+02,4.734767203799e+00,1.641562823668e+00
3.107850571926e+00,1.749771227705e+03,3.063980811724e+00,7.061656311191e+00
1.417336539903e+01,6.502346288498e+02,5.954675763728e+00,1.331078244853e+00
1.273955051198e+01,3.936251186738e+03,2.857439238916e+00,7.868749699370e-01
1.584538048243e+01,2.217873236600e+02,3.150669259350e+00,8.439939175162e-01
1.804301367423e+01,3.398704884235e+01,6.600452877219e+00,1.185205232700e+00
9.919631142704e+00,3.649644619225e+01,2.120962281873e+00,1.489517418317e+00
7.623550952632e+00,6.107807318797e+01,5.051986793317e+00,2.757731104750e+00
8.237891579480e+00,2.097495544439e+02,1.865659449366e+00,4.430128578965e-01
1.257406766997e+01,1.877472757105e+02,3.929293839018e+00,2.810779693910e-01
4.906988876565e+00,6.542763572614e+01,3.304031242646e+00,2.005983946086e-01
1.146736278094e+01,8.390627100876e+01,3.873849382257e+00,1.780607113350e+00
1.288239079904e+01,5.791910933929e+02,4.813645068794e+00,5.060705441792e+00
6.919863839558e+00,7.213190096945e+02,1.633229203349e+00,7.390106279332e-01
1.047610782693e+01,1.757642450613e+02,6.478864765328e+00,8.066619250150e-01
7.920178134008e-01,4.278762469093e+01,1.116837713272e+00,1.079987848411e+00
7.898939061278e+00,3.317319156544e+01,2.287916919385e+00,5.302823088062e+00
3.447894955092e+00,3.679434125309e+03,2.461868793169e+00,6.353857544201e-01
1.383920958423e+01,3.499135572570e+02,2.817529312142e+00,5.102030174059e+00
1.144900902739e+01,2.448229120681e+02,2.868344829781e+00,1.729171556343e-01
1.560036866458e+01,2.189872184393e+03,3.299755965626e+00,2.332178554404e-01
1.240854979553e+01,7.802372972030e+00,6.503254562180e+00,8.305510227334e-01
8.732118504918e+00,8.579862828040e+01,3.757897937038e+00,1.220891568711e+00
1.023543181769e+01,2.220713433145e+03,1.085585425483e+00,9.149041414419e+00
1.610883514323e+01,5.601389400441e+02,3.901346080085e+00,1.083624293066e-01
3.259943810365e+00,4.427489140856e+01,4.737328929237e+00,6.162226344630e+00
9.839658215213e+00,3.677165752491e+02,6.361301907783e+00,1.975457170650e+00
1.422768645124e+01,1.267446872402e+02,5.613731636096e+00,1.192551239350e+00
6.606582867926e+00,3.323338221723e+02,2.183159393513e+00,1.506230478228e+00
7.883062805905e+00,8.324115750258e+01,5.630022585166e+00,1.628760921085e+00
1.032701872926e+01,3.691577806985e+01,6.859811030430e+00,2.540109759320e+00
1.137818839138e+01,3.846886772446e+01,2.932335295626e+00,3.027442998493e+00
1.237844282633e+01,2.111039563119e+01,1.861522715118e+00,1.059751119175e+00
7.591140106161e+00,1.381107368760e+01,1.994613087053e+00,3.543831326195e+00
1.162379749664e+01,2.947822946939e+01,6.834005938696e+00,4.193258932955e-02
1.234377860225e+01,1.386166497810e+01,5.634768413476e+00,1.807382670590e+00
1.531394274179e+00,4.328975019324e+02,3.714239442640e+00,1.715854665862e+00
7.863147145707e+00,2.685763673927e+02,2.858481498501e+00,5.707795499835e+00
1.428654452430e+01,7.304847463856e+02,5.560020871622e+00,3.176301938206e+00
3.412154007989e+00,9.206305202683e+01,1.019507961565e+00,6.498745785480e+00
5.081819695394e+00,6.172625613193e+02,6.852852619972e+00,4.045370783745e+00
1.670558268299e+01,7.663100324353e+00,6.832828021806e+00,7.530686425137e-01
7.923552295852e-01,3.639636748652e+04,6.151479329618e+00,3.089047757760e+00
1.331144869837e+01,1.198716430874e+02,6.998373241044e+00,5.257676314004e-01
7.862136376627e+00,6.494079263963e+01,3.498587090648e+00,3.587978699314e+00
1.560255213028e+01,4.337689208800e+01,3.399039730926e+00,3.233942710525e+00
1.312697310982e+01,4.046365508696e+01,1.745919250359e+00,4.821084705045e-01
1.220919893714e+01,1.451440854918e+02,2.758236247090e+00,7.034037332030e-01
7.055316852344e+00,1.862853878374e+00,5.436488468316e+00,3.205772691531e-02
1.300588876851e+01,1.970408534600e+02,3.532868737926e+00,1.014820197591e+00
1.056357629309e+01,1.258734325957e+02,3.143503238592e+00,4.951575388909e+00
1.003075336758e+01,8.956351245868e+00,3.992061186636e+00,2.303045125464e+00
4.321601046222e+00,6.664746310222e+00,1.001208115106e+00,2.383297229050e+00
2.091273490039e+01,2.824407456918e+03,3.604753561188e+00,1.483959798389e+00
4.782670566685e+00,7.009900360066e+01,5.319244375251e+00,1.747119158363e+00
9.366580516406e+00,1.336339816535e+01,2.364858704371e+00,3.602888008280e+00
1.657952036417e+01,2.663379936984e+01,5.613162133862e+00,1.792393672158e+00
1.281637263385e+01,3.029840835976e+01,2.287485912549e+00,3.885214844154e+00
8.965367085075e+00,2.039672674301e+02,3.734106025272e+00,5.530236763316e+00
1.737113694360e+00,1.097376993696e+01,5.152732554401e+00,2.950388680943e+00
2.168353118842e+01,2.647277396865e+01,3.032901315445e+00,1.064232958320e+00
8.523384847070e+00,5.680329929983e+01,1.891916869440e+00,1.634597835402e-01
1.127199644247e+01,1.468191348552e+01,3.698410175140e+00,2.633072003584e+00
6.513524816114e+00,1.388637969218e+02,1.706202952045e+00,2.701170447856e+00
1.047962132815e+01,6.935038714448e+01,2.645316365430e+00,1.494576029515e+00
1.244413639360e+01,2.214443772732e+03,3.586641507183e+00,3.122419953560e+00
1.103383303294e+00,1.195819124053e+03,4.784903759183e+00,1.211037457294e+00
9.080923310531e+00,7.735642272333e+01,2.796331600931e+00,2.728427368051e+00
3.645859876649e+00,1.811393408582e+01,1.365926135711e+00,3.327844666862e+00
4.603827155202e+00,4.452507235063e+01,5.232076951736e+00,1.761635703496e+00
7.474557159584e+00,1.759023982448e+03,1.950567027543e+00,1.253040115355e+00
4.868958377798e+00,3.308255170800e+01,5.458583569973e+00,2.119104601039e+00
1.228839284597e+01,1.526133703898e+02,5.959438805275e+00,7.805782827289e-01
3.072645699558e+00,4.391824720557e+02,4.903420863241e+00,3.776209707707e-02
5.122063669067e+00,1.680450765998e+01,2.257005930042e+00,9.421315891608e+00
1.291357348200e+01,4.809201293556e+02,6.942587895102e+00,1.803002225713e+00
2.081757442562e+00,5.538491282159e+02,1.213343157981e+00,1.099867444638e+00
2.868322322105e+00,9.554531509558e+00,1.916201062468e+00,2.911062524579e-01
1.316653181360e+01,1.239152169638e+02,2.105340685548e+00,4.865406851256e+00
1.224758147077e+01,3.809719674158e+02,6.119342518161e+00,1.167304030869e+00
1.544559994303e+01,6.674692775086e+02,3.803515978501e+00,2.269197610216e-01
1.710430476860e+01,3.933421325907e+01,3.669622272067e+00,1.276784094388e+00
8.411633933528e+00,5.805309629012e+01,4.983911928155e+00,5.720380942301e-01
1.767859663466e+01,5.753023543580e+01,6.436121237240e+00,1.067965615401e+01
1.149989326570e+01,4.006195680342e+03,6.191963520048e+00,2.003064262614e+00
1.710223752517e+01,1.790903123655e+03,3.775951752810e+00,2.154547694849e+00
1.575578054842e+01,4.756778118499e+01,1.972333841189e+00,1.167594164708e+00
9.777878338690e+00,6.498208103184e+01,4.721714966146e+00,1.321964599275e+00
1.057719428313e+01,5.574274918952e+01,5.516580976955e+00,9.387375582300e-02
6.580849342701e+00,8.354071189388e+01,5.183557320839e+00,3.491640506289e+00
1.406241475357e+01,1.372671019290e+04,6.910459008054e+00,1.809838821704e+00
1.504784692270e+01,5.099320517608e+02,4.469310046787e+00,5.588505095605e+00
7.712967441694e+00,5.628986945825e-01,5.437600219210e+00,2.723238375843e-01
1.741948720064e+01,1.187041558524e+02,2.001068943091e+00,2.256680467474e+00
1.202353895669e+01,1.514404429605e+04,4.947942734417e+00,1.344866284958e-02
9.460430154214e+00,1.266233169439e+01,3.982645006772e+00,4.898883910528e+00
1.430288993156e+01,5.602756932614e+02,6.021709340273e+00,6.591018105386e-01
1.422343866692e+01,1.014407502135e+01,3.030647232236e+00,4.362667315254e+00
1.324417716014e+01,3.303705346965e+01,3.782148395340e+00,1.213076732341e+01
1.093698863192e+01,1.288831786030e+02,3.175804383913e+00,2.038979734732e-01
1.995715284978e+01,8.612177316397e+02,3.350800121712e+00,7.106567636468e-01
7.066192535550e+00,2.786625884741e+02,5.276587766899e+00,2.055992921719e-01
8.319942733346e+00,1.854537190674e+03,5.201077800256e+00,4.601715821881e+00
6.408991021535e+00,1.824178457443e+00,2.845640767994e+00,7.873212934721e-02
1.053585859081e+01,1.884286009682e+03,5.789739573960e+00,2.322287677169e+00
1.115275814392e+01,1.874467210162e+01,2.057044683438e+00,1.178949008841e+00
1.438333697857e+01,3.538192587676e+02,4.558065356565e+00,1.621139167292e+00
1.231756971930e+01,3.228663011176e+02,6.984474685645e+00,4.765927395015e+00
1.228145389960e+01,3.675527588159e+03,5.725858901539e+00,7.297600966450e-01
1.320535724693e+01,1.740782801933e+03,2.667624857100e+00,2.227952274513e+00
1.193646423525e+01,4.949302711296e+03,6.605856479033e+00,1.643944877939e+00
4.914358180099e+00,1.892392452943e+02,6.616685080495e+00,3.743100329165e+00
1.213798241701e+01,9.624672168203e+02,5.556215498162e+00,2.389331885682e-01
1.170141466263e+01,3.815670556359e+03,6.309860390343e+00,4.126837831999e-01
1.047911107952e+01,4.029315656210e+02,4.948099716981e+00,2.757774221681e+00
1.525045835098e+01,6.278515239134e+00,2.029925044796e+00,6.970657921479e-01
4.186270540291e+00,3.449000468811e+01,5.166854257483e+00,4.619322455167e-01
1.449301141906e+01,1.374790184514e+01,3.912654753876e+00,1.177188066751e-01
3.332247332684e+00,1.229973430049e+01,3.016175187380e+00,1.457616469235e+00
1.616844309146e+01,5.826788827373e+02,6.786623385670e+00,4.868117445909e-01
1.385200235345e+01,1.078744722823e+01,2.232454778656e+00,1.424119153422e+00
9.146997038658e+00,1.738557253348e+02,5.567356419216e+00,3.969203955685e-01
1.081495233768e+01,1.271339043583e+02,2.065963484220e+00,5.715299833491e+00
6.795965499845e+00,7.021889407888e+01,6.672726576770e+00,1.749031783660e+00
7.365633566215e+00,9.101157522041e+01,1.237910867982e+00,6.675730008511e-01
5.042662871171e+00,5.760677871255e+01,4.779035403887e+00,4.494550526914e-01
-1.508286939024e+00,5.732581996908e+00,6.283350055293e+00,5.121462059513e+00
7.672710257272e+00,1.064151675068e+01,4.930027083368e+00,4.548811776947e+00
1.398762645129e+01,3.003870059216e+01,1.914472320769e+00,9.545726175307e+00
1.213944783866e+00,3.147345162305e+01,1.378089858295e+00,4.220232023174e-01
9.345632775428e+00,3.975785563528e+01,4.455965576894e+00,9.793728098834e-01
9.370421625050e+00,1.093979696871e+03,5.962887392347e+00,5.398046866040e-01
7.302099394468e+00,1.506508863804e+01,2.411081946238e+00,6.978939826075e-01
1.211452129032e+01,1.618217227952e+02,2.066239576566e+00,2.302597161744e+00
1.264343740673e+01,1.077210706672e+02,6.370578255319e+00,7.025423285667e-01
9.724138204829e+00,3.192938145264e+02,5.693897423304e+00,7.423127693697e-01
-4.231024866748e-01,2.906371850342e+01,6.019038616859e+00,8.779921491312e-01
8.256713763687e+00,3.224728917389e+01,2.528634377832e+00,5.081327616864e+00
9.692601344906e+00,5.084295110464e+01,4.918686719529e+00,1.506829200957e+00
1.443788961340e+01,6.426806521169e+02,1.646510296136e+00,1.946794603343e+00
3.980609869298e+00,4.156463269085e+03,5.578623890486e+00,8.298416436402e-01
6.883821634901e+00,3.694999411382e+01,5.724561862229e+00,2.344589660338e+00
5.860709800776e+00,9.523780345384e+00,1.420368453913e+00,1.430923853107e+00
2.526246402040e+00,4.277644932353e+01,1.818251113585e+00,5.026750805423e+00
1.628084029240e+01,2.245314642503e+02,6.720087020375e+00,1.642904321101e+00
1.065585451864e+01,8.651832935784e+00,1.211864124277e+00,8.470262049384e+00
1.282824101170e+01,3.107808761983e+03,3.113699107534e+00,6.561199723066e-01
7.108623381824e+00,6.450734061563e+02,3.191452785988e+00,5.688832359343e+00
1.139638667868e+01,1.244463381795e+02,5.164589275625e+00,4.536596933751e+00
5.916578752754e+00,3.826278260613e+02,6.045178965210e+00,2.610641874728e+00
1.537358521819e+01,8.398566687261e+01,5.261603240703e+00,2.793528891735e+00
2.368264526731e+01,1.091149593776e+01,3.502480799747e+00,8.884629696196e-01
1.085076366481e+01,1.467791098440e+02,1.780680441768e+00,5.456649272289e+00
5.759397625414e-01,2.524557427054e+02,5.729286351708e+00,6.459225573204e-01
9.432074167362e+00,2.223942384263e+01,3.527944895645e+00,7.258877992782e+00
6.238475974505e+00,3.566653055534e+02,6.964092753840e+00,9.930440803255e-01
1.091612102327e+01,6.004434017871e+02,5.724771929649e+00,3.983526436575e-02
6.303136468035e+00,2.242032439734e+03,2.488140978456e+00,5.504262840956e+00
8.370414118342e+00,4.259642523280e+02,4.672625752553e+00,2.641415985159e+00
1.354014666627e+01,2.337514575795e+02,5.892840355295e+00,6.935512495061e-01
1.364728847904e+01,2.328509709082e+03,4.337815938462e+00,9.935448690573e-01
1.306979236689e+01,4.274034398477e+02,5.082552015852e+00,1.452628286851e+00
1.451225779692e+01,3.323078919063e+01,2.386618638705e+00,1.803240272812e-01
8.990496678729e+00,1.018900782987e+03,5.093654041047e+00,4.555459790481e-02
2.148311071439e+01,8.220639336226e+01,2.800372250897e+00,6.567487168408e+00
1.428973842843e+01,1.907919449010e+02,6.566401978988e+00,3.985467354802e+00
1.171633078365e+01,2.740633191533e+02,3.828002322389e+00,8.721182288481e-01
1.548622656753e+01,8.080620047476e+00,2.695149785320e+00,1.600296167323e+00
1.428676951640e+01,9.393595015922e-01,6.748767680642e+00,4.054531607759e+00
7.491127949525e+00,4.517736974205e+02,6.192161639706e+00,1.593045297213e-01
1.038453889916e+01,3.324053047863e+01,2.609891691371e+00,2.269903333521e+00
2.073449859080e+01,5.265011183429e+02,4.174925499459e+00,3.376136083874e+00
3.679248152897e+00,3.253957085545e+01,6.962557469779e+00,6.744971841368e-01
9.067865797832e-01,6.269683023991e+01,6.896635737299e+00,1.757299787928e+00
1.027749749128e+01,2.646038298485e+02,3.849049506094e+00,1.644505847373e+00
1.033135642155e+01,4.729257933632e+02,6.513059926100e+00,6.382404292405e+00
7.214206335821e+00,6.300570524945e+02,6.605877558465e+00,2.540511500418e+00
1.173824461897e+01,2.919553918628e+02,5.171927853245e+00,5.792684897157e-01
9.689860122015e+00,8.993032959503e+01,4.511904516041e+00,2.473545860191e+00
4.185455307953e+00,2.516905796747e+03,3.500740645450e+00,1.203352786775e-02
6.890741788408e+00,1.905089387700e+00,6.884116025104e+00,2.318066406061e+00
4.796224014219e+00,1.100432899137e+01,3.408247548516e+00,2.622146681127e+00
1.681468238025e+01,9.830999683187e+00,3.013754987908e+00,1.039598847678e+00
6.769089725711e+00,4.444670233683e+02,2.100029408455e+00,6.153413424722e+00
1.216104074681e+01,3.050808698796e+00,6.991183242496e+00,9.903911428328e-01
1.934827047044e+01,3.689017748129e+02,2.931501910469e+00,7.627338529987e-01
1.115277425184e+01,4.074954440634e+01,1.689939721250e+00,1.114046408424e+00
1.019768122802e+01,2.101070042057e+02,1.262371671712e+00,9.615026731201e-01
8.446411013073e-01,1.484630639148e+02,6.499781367396e+00,3.727127866612e+00
1.647139653134e+01,4.196222796226e+02,4.433636064353e+00,1.541379396564e+00
7.777753232160e+00,1.081734724201e+01,2.744376098047e+00,4.698702067272e+00
7.145999608562e+00,4.165796447105e+02,2.397796448300e+00,3.862893868169e+00
1.386899265258e+01,1.209103676699e+02,5.522589212934e+00,9.914034627992e-01
1.614819065678e+01,6.345350478189e+02,5.630746987619e+00,4.320933900860e-01
1.035353110474e+01,5.554533680730e+01,6.823194590810e+00,3.347965144442e+00
1.088100119724e+01,8.401092121496e+02,4.775138997300e+00,2.113527062946e+00
4.641194704229e+00,4.294481624037e+02,4.758275138877e+00,1.609053484649e+00
1.989644530668e+00,6.180899751488e+03,3.867579926775e+00,2.990847222607e+00
1.145063356218e+01,1.806982321573e+02,2.768945889772e+00,3.270591860057e+00
1.046593649052e+01,2.787505369246e+03,3.160342015394e+00,9.906243115117e-01
1.214155337679e+01,1.669877677841e+03,2.169610338471e+00,9.343257228293e-02
1.687770575919e+01,4.356087113473e+01,6.165764565540e+00,1.869290159830e+00
8.133352740883e+00,3.080941365080e+01,5.290636001992e+00,2.434773219957e+00
1.730558341883e+01,5.868816926373e+03,4.336653442279e+00,9.653607395607e-01
2.228058801081e+01,2.482996511607e+03,3.203059719426e+00,4.090259308409e+00
1.184376792876e+01,5.277938798024e+01,1.730753562417e+00,1.389574695405e-01
1.294606999061e+01,1.005293737258e+01,2.230411051740e+00,2.226056358183e+00
1.881152705344e+01,2.329582458797e+03,5.415991718924e+00,6.817049995136e+00
1.127233028612e+01,3.100092540915e+02,6.878819134788e+00,4.360428835166e-01
6.397026005674e+00,5.823767529816e+02,3.669246672011e+00,2.249712411177e+00
1.893292820724e+01,1.947410962955e+02,1.482019823753e+00,5.506048670135e+00
8.085194792222e+00,3.536210421019e+02,1.883577258896e+00,2.728080909226e-01
9.469700375764e+00,1.361915922062e+01,1.517380825746e+00,2.191990027256e+00
5.746970792259e+00,1.205971900660e+02,5.485893503743e+00,7.062764426908e-01
1.030311862938e+01,7.013423568883e+00,4.346228140543e+00,2.191287847001e+00
1.221257208266e+01,1.700212738497e+01,3.654492612139e+00,1.423744195955e+00
7.408909947664e+00,1.287790889693e+00,5.854307601045e+00,2.233324852390e+00
9.083195697818e+00,4.859360097173e+03,4.544685793483e+00,9.851375264666e-01
9.668912750703e+00,2.339968134063e+01,1.183370806313e+00,2.388625734586e+00
2.338054873010e+01,7.326252365580e+02,3.509167195449e+00,3.351151914104e-01
6.362063500548e+00,3.736775806776e+02,4.377785327421e+00,6.110527938941e-01
4.357937970337e+00,4.889165974297e+02,3.388451758891e+00,1.102857939653e+00
1.023116962636e+01,5.054294897939e+02,2.575603236402e+00,1.952897807106e+00
9.405605889921e+00,8.841984338029e+01,1.311409426359e+00,8.362684173746e-01
1.234309461539e+01,1.178428053173e+03,6.965230245815e+00,1.849142526395e+00
8.598839931867e+00,1.010364180777e+02,5.602129533708e+00,5.479745155134e-01
4.548669510097e+00,1.307648322463e+02,6.075098505270e+00,2.101669504948e+00
5.970840796481e+00,1.107041603158e+01,5.162764494032e+00,9.596531718522e-01
7.148879085443e+00,1.645220787163e+00,3.819373600982e+00,4.416746665259e-01
7.276007541604e+00,1.132890969972e+02,1.682184649072e+00,1.275331263412e-01
1.176234661790e+01,2.681412520524e+02,1.495253471172e+00,1.075648714926e-01
9.452022648508e+00,1.794656963777e+04,2.466870307284e+00,7.599011060421e-01
1.956995174099e+00,8.301217560638e+01,3.336047966308e+00,3.951964139745e+00
1.153495928792e+01,2.590365982081e+01,5.778108406940e+00,5.190809128499e-01
2.181169245257e+00,4.453603520322e+04,2.023130269930e+00,1.205498209562e+01
6.520048297116e+00,2.119343152512e+01,5.920091837528e+00,1.719820906593e-01
8.327137946040e+00,5.375284568803e+00,4.741813911466e+00,1.103531435742e+00
9.057433514592e+00,4.979291065648e+02,6.454580838907e+00,9.801369303261e-01
7.795577399935e+00,1.431973934496e+03,3.467181851887e+00,1.517222086225e+00
7.582493559965e+00,2.235509683982e+02,2.200395571029e+00,7.219615194279e+00
2.206966309322e+01,4.108186138425e+01,2.403368178825e+00,1.902684720028e-01
5.570728644479e+00,1.444662467339e+01,2.934542126590e+00,3.048179440631e-01
1.265753934825e+01,2.557131709214e-01,4.400018757771e+00,4.140507053635e+00
1.272757068983e+01,2.628968002823e+02,4.856244358575e+00,4.041858892761e+00
3.823705643556e+00,1.002861977950e+02,6.461685582268e+00,2.815539820830e+00
1.573671273196e+01,6.351211345071e+01,4.068605651785e+00,1.258711136938e+00
1.405284447236e+01,1.910257587737e+03,4.646935164696e+00,2.114186600043e-01
1.491473924716e+01,1.941972275711e+03,2.650283907477e+00,1.002194930546e+01
-1.359586707264e-01,7.939380492268e-01,5.239168008309e+00,2.555350644838e-01
1.619302519048e+01,4.419398522619e+01,5.801092844658e+00,1.206211836791e+00
7.889093960025e+00,6.226703051127e+00,5.463464186067e+00,8.711394660782e-01
-3.986647589241e-01,7.874624650500e+02,2.935801122387e+00,1.137683605576e+00
1.428814818886e+01,2.042150030882e+03,5.389651559673e+00,5.054877004575e+00
1.256781223826e+01,6.728995769653e+02,1.264539561659e+00,3.132612818969e+00
5.260376850556e+00,3.085377995209e+01,4.034642341603e+00,9.787605186262e-01
1.459436479927e+01,2.599502564823e+02,5.819504503373e+00,9.769497459382e-01
1.254886218145e+01,7.067829167807e+01,3.267985333035e+00,3.305139039965e+00
1.667408478869e+01,1.915600790523e+03,2.014131591319e+00,6.246167316416e+00
1.300462361400e+01,3.085119178634e+02,2.808156962008e+00,3.882345932570e+00
6.757151549275e+00,2.893738238987e+02,4.444006232105e+00,1.787748253943e+00
1.125624683944e+01,7.052799211467e+02,1.471118066383e+00,2.927705535581e+00
1.177877659470e+01,1.023903690918e+02,2.164726520107e+00,4.907109767454e-02
1.276644866946e+01,3.450036409349e+02,5.565599949035e+00,3.618460550176e+00
1.388674677009e+01,6.137606053003e+00,3.642733837834e+00,6.858215059050e-01
1.383545297743e+01,8.475112544426e+01,3.589332035594e+00,2.648977076263e-01
1.366354599543e+01,3.981855562275e+01,5.801665834599e+00,1.109938233546e+00
9.904982339270e+00,2.938946152986e+01,3.963118638738e+00,8.302658614921e-01
1.810988931585e+01,2.231994800354e+02,3.352176139019e+00,3.397901143326e-01
7.567001314954e+00,3.499370915468e+01,3.059075143491e+00,3.991085040288e+00
1.539335682024e+01,1.266638612574e+03,5.246255138096e+00,1.207109239359e+00
1.101960213286e+01,2.661858006459e+00,2.511618837638e+00,1.998872463134e+00
1.005637870620e+01,1.059479290388e+03,1.412717088612e+00,2.731850467465e+00
1.137960406052e+01,9.769630764118e+01,2.635848267732e+00,2.099319799738e+00
5.478540075935e+00,7.564583426147e+01,6.504775132972e+00,7.448979312679e-01
1.691667167340e+01,3.792882708375e+02,5.994410937797e+00,2.656179963277e+00
2.526087517885e+00,8.261758716564e+02,5.600246114354e+00,4.393535438060e-01
3.496540899349e+00,3.356383808824e+01,3.189303435119e+00,2.689249420549e+00
4.446623083857e+00,1.386586803464e+03,5.070725252423e+00,1.536200841961e+00
4.340537288701e+00,2.957179618792e+01,6.586743216664e+00,2.366659661271e+00
1.133544404052e+01,5.621399102724e+03,3.507744792491e+00,3.058110056625e+00
6.743367413810e+00,3.449458662734e+02,5.523912680986e+00,1.827037242575e+00
1.308109570080e+01,4.692925587847e+03,5.822092972450e+00,1.986425653211e+00
1.472843085996e+01,5.353417742885e+02,2.710811430524e+00,1.790869856520e+00
1.084117936380e+01,2.880849879962e+01,2.704489659572e+00,7.986189885855e-01
1.635646293259e+00,9.405764868680e+02,4.553580003887e+00,1.938501525213e+00
1.428724021803e+01,6.295112290306e+03,2.464595049302e+00,1.532992497911e+00
8.802971377093e+00,1.339242575724e+02,5.215354754352e+00,9.648581264458e-01
6.756064679354e+00,9.394236739239e+00,5.645689094520e+00,3.816155080906e+00
1.667567665767e+01,6.985042956989e+01,4.288680240206e+00,6.523123206432e-01
5.777524967725e+00,2.982436935553e+01,5.862441364413e+00,2.633096300555e+00
9.408944010075e+00,3.261627991497e+01,6.137188189841e+00,1.660812500444e+00
8.588675329444e+00,3.150731678812e+01,5.866798384910e+00,6.131220173427e-01
7.817713815476e+00,1.271700003159e+01,2.237975670037e+00,4.756104663636e+00
7.117784176935e+00,3.592171571204e+01,5.665332715617e+00,1.083153805117e+00
1.585185600135e+01,1.143519027302e+02,1.312776545494e+00,1.511998525079e-01
1.818812552577e+01,1.397696856016e+01,1.517373176252e+00,4.640762346944e+00
1.292642334249e+01,4.944546007885e+01,3.421389798146e+00,1.714885721179e+00
4.637941444113e+00,2.121662912620e+01,1.494807341814e+00,1.612402463547e+00
4.966940685435e+00,4.059059606067e+01,4.313783580307e+00,3.454472255583e+00
1.567258562977e+01,7.021910242119e+02,5.359246146693e+00,2.414275841473e+00
1.994015258660e+01,5.119298324950e+02,4.161113757219e+00,3.007918228665e+00
1.422880991054e+01,6.415056967570e+02,4.169662883066e+00,2.527423117931e-01
1.363362454891e+01,3.194478219582e+02,6.927788728979e+00,5.008916421284e-01
